{
	"me": 5.7389116428e-32,
	"mhh":4.6457856156e-31,
	"mlh":7.4696945192e-32,
	"Eg": 1.424,
}