{
	"me": 1.7307828764e-31,
	"mhh":4.4635979444e-31,
	"mlh":1.4575013696e-31,
	"Eg": 1.12,
	"dielectric_constant": 16.8,
}